data_set,algorithm,k,embedding,graph
elegans,tsne,2,"[[  78.38481   -29.211218]
 [  -9.38196   -80.37121 ]
 [-101.099594   30.769957]
 ...
 [  61.63995   -25.681917]
 [  88.22379    26.557209]
 [ -54.549263  -99.80385 ]]",
elegans,tsne,3,"[[ -82.72677  -136.9003  ]
 [  73.789925   73.444565]
 [ -38.313797  -30.816034]
 ...
 [  12.141702   24.610994]
 [  44.579582   30.756004]
 [   8.457297   36.838127]]",
elegans,tsne,4,"[[  23.440676   59.726154]
 [-117.71364    25.006096]
 [  40.526783   93.65115 ]
 ...
 [ -12.327963   65.29672 ]
 [ -80.31138    53.650333]
 [ -61.67708    51.281548]]",
elegans,tsne,5,"[[-38.239475  34.129   ]
 [ 42.77288   49.77262 ]
 [ 33.16689  -71.4281  ]
 ...
 [ 17.558493 -79.58798 ]
 [-36.890007  78.43676 ]
 [ 21.147532 105.61305 ]]",
elegans,tsne,7,"[[ 50.825676  10.867988]
 [-49.164368 -33.658955]
 [-33.118443   8.823168]
 ...
 [ 39.229298 -77.30791 ]
 [ 40.91456  -29.795052]
 [ 29.864412  92.498344]]",
elegans,tsne,10,"[[ 25.041643  70.12937 ]
 [  8.089474   2.481949]
 [ 26.996939  14.15787 ]
 ...
 [-83.09797   21.880547]
 [ -5.212495 -29.36032 ]
 [-72.922226 -17.480244]]",
elegans,kmst,2,"[[-4.1977506 -3.7446342]
 [ 1.4798622  0.2807362]
 [ 2.1956959 -4.817086 ]
 ...
 [-1.8519669 -4.6957283]
 [ 2.014032  -0.9683542]
 [ 4.5645037 -4.5402274]]","<Compressed Sparse Row sparse matrix of dtype 'float32'
	with 13336 stored elements and shape (6188, 6188)>
  Coords	Values
  (0, 814)	1.0
  (0, 2767)	1.0
  (0, 3214)	1.0
  (1, 5425)	1.0
  (2, 6)	1.0
  (2, 391)	1.0
  (2, 782)	1.0
  (3, 17)	1.0
  (3, 807)	1.0
  (3, 1928)	1.0
  (3, 2162)	1.0
  (3, 5174)	1.0
  (3, 5381)	1.0
  (4, 261)	1.0
  (4, 2647)	1.0
  (4, 5540)	1.0
  (5, 1713)	1.0
  (5, 3029)	1.0
  (6, 2)	1.0
  (7, 1728)	1.0
  (7, 2120)	1.0
  (8, 323)	1.0
  (8, 395)	1.0
  (8, 1392)	1.0
  (9, 1822)	1.0
  :	:
  (6165, 2453)	1.0
  (6166, 4160)	1.0
  (6167, 5623)	1.0
  (6168, 4219)	1.0
  (6169, 3499)	1.0
  (6170, 2894)	1.0
  (6171, 3535)	1.0
  (6172, 5192)	1.0
  (6173, 3938)	1.0
  (6174, 3538)	1.0
  (6175, 3732)	1.0
  (6176, 3262)	1.0
  (6177, 849)	1.0
  (6178, 1893)	1.0
  (6179, 2358)	1.0
  (6180, 4085)	1.0
  (6180, 5299)	1.0
  (6181, 3620)	1.0
  (6182, 5590)	1.0
  (6182, 6022)	1.0
  (6183, 3669)	1.0
  (6184, 4906)	1.0
  (6185, 5060)	1.0
  (6186, 1007)	1.0
  (6187, 3529)	1.0"
elegans,kmst,3,"[[-1.2507801  -2.5651913 ]
 [ 0.20577121  0.92992306]
 [-2.4624367  -0.43625832]
 ...
 [ 4.8612127   2.777586  ]
 [ 3.2632375  -1.0860372 ]
 [ 5.0695295  -4.2678337 ]]","<Compressed Sparse Row sparse matrix of dtype 'float32'
	with 24286 stored elements and shape (6188, 6188)>
  Coords	Values
  (0, 814)	1.0
  (0, 1192)	1.0
  (0, 1492)	1.0
  (0, 1635)	1.0
  (0, 1704)	1.0
  (0, 1758)	1.0
  (0, 2069)	1.0
  (0, 2767)	1.0
  (0, 3214)	1.0
  (1, 614)	1.0
  (1, 5425)	1.0
  (2, 6)	1.0
  (2, 331)	1.0
  (2, 391)	1.0
  (2, 537)	1.0
  (2, 782)	1.0
  (3, 17)	1.0
  (3, 807)	1.0
  (3, 1008)	1.0
  (3, 1928)	1.0
  (3, 2162)	1.0
  (3, 4716)	1.0
  (3, 5174)	1.0
  (3, 5381)	1.0
  (4, 261)	1.0
  :	:
  (6177, 4774)	1.0
  (6178, 1893)	1.0
  (6178, 2311)	1.0
  (6179, 2358)	1.0
  (6179, 3360)	1.0
  (6180, 4085)	1.0
  (6180, 5299)	1.0
  (6181, 3620)	1.0
  (6181, 6176)	1.0
  (6182, 4441)	1.0
  (6182, 5348)	1.0
  (6182, 5481)	1.0
  (6182, 5590)	1.0
  (6182, 6022)	1.0
  (6183, 3631)	1.0
  (6183, 3669)	1.0
  (6184, 3800)	1.0
  (6184, 4906)	1.0
  (6185, 2795)	1.0
  (6185, 5060)	1.0
  (6186, 1007)	1.0
  (6186, 1484)	1.0
  (6187, 3529)	1.0
  (6187, 3632)	1.0
  (6187, 4855)	1.0"
elegans,kmst,4,"[[ 1.6077232   2.1009216 ]
 [ 0.0392561  -0.5858326 ]
 [ 2.2267647   0.05955696]
 ...
 [-3.2178116   4.1512995 ]
 [-2.7509618   0.44346952]
 [ 1.0972481   4.777484  ]]","<Compressed Sparse Row sparse matrix of dtype 'float32'
	with 34982 stored elements and shape (6188, 6188)>
  Coords	Values
  (0, 814)	1.0
  (0, 1192)	1.0
  (0, 1492)	1.0
  (0, 1635)	1.0
  (0, 1704)	1.0
  (0, 1758)	1.0
  (0, 2069)	1.0
  (0, 2767)	1.0
  (0, 3159)	1.0
  (0, 3214)	1.0
  (0, 4243)	1.0
  (1, 614)	1.0
  (1, 831)	1.0
  (1, 5425)	1.0
  (2, 6)	1.0
  (2, 230)	1.0
  (2, 331)	1.0
  (2, 391)	1.0
  (2, 537)	1.0
  (2, 780)	1.0
  (2, 782)	1.0
  (2, 1368)	1.0
  (3, 17)	1.0
  (3, 807)	1.0
  (3, 1008)	1.0
  :	:
  (6181, 4879)	1.0
  (6181, 5321)	1.0
  (6182, 4441)	1.0
  (6182, 5348)	1.0
  (6182, 5481)	1.0
  (6182, 5590)	1.0
  (6182, 5852)	1.0
  (6182, 6022)	1.0
  (6183, 3631)	1.0
  (6183, 3669)	1.0
  (6183, 6115)	1.0
  (6184, 4253)	1.0
  (6184, 4906)	1.0
  (6184, 5625)	1.0
  (6185, 2795)	1.0
  (6185, 3820)	1.0
  (6185, 5060)	1.0
  (6186, 1007)	1.0
  (6186, 1048)	1.0
  (6186, 1484)	1.0
  (6187, 981)	1.0
  (6187, 3529)	1.0
  (6187, 3632)	1.0
  (6187, 4855)	1.0
  (6187, 5361)	1.0"
elegans,kmst,5,"[[ 2.053852    1.046215  ]
 [-0.41894245  0.95279884]
 [ 0.563015    2.7286158 ]
 ...
 [ 4.5913324   0.4245863 ]
 [ 1.4975424  -1.843329  ]
 [ 4.6481285  -1.03795   ]]","<Compressed Sparse Row sparse matrix of dtype 'float32'
	with 45630 stored elements and shape (6188, 6188)>
  Coords	Values
  (0, 814)	1.0
  (0, 1192)	1.0
  (0, 1492)	1.0
  (0, 1635)	1.0
  (0, 1704)	1.0
  (0, 1758)	1.0
  (0, 2069)	1.0
  (0, 2143)	1.0
  (0, 2767)	1.0
  (0, 3159)	1.0
  (0, 3214)	1.0
  (0, 3240)	1.0
  (0, 4243)	1.0
  (1, 614)	1.0
  (1, 831)	1.0
  (1, 4989)	1.0
  (1, 5425)	1.0
  (2, 6)	1.0
  (2, 230)	1.0
  (2, 331)	1.0
  (2, 391)	1.0
  (2, 537)	1.0
  (2, 780)	1.0
  (2, 782)	1.0
  (2, 1368)	1.0
  :	:
  (6182, 5852)	1.0
  (6182, 6022)	1.0
  (6183, 3631)	1.0
  (6183, 3669)	1.0
  (6183, 5269)	1.0
  (6183, 6115)	1.0
  (6184, 1580)	1.0
  (6184, 3854)	1.0
  (6184, 4774)	1.0
  (6184, 4906)	1.0
  (6184, 6177)	1.0
  (6185, 2795)	1.0
  (6185, 3820)	1.0
  (6185, 5060)	1.0
  (6185, 5853)	1.0
  (6186, 1007)	1.0
  (6186, 1009)	1.0
  (6186, 1048)	1.0
  (6186, 1484)	1.0
  (6187, 981)	1.0
  (6187, 3529)	1.0
  (6187, 3632)	1.0
  (6187, 4855)	1.0
  (6187, 5178)	1.0
  (6187, 5361)	1.0"
elegans,kmst,7,"[[ 2.401042    0.263031  ]
 [-0.30373478  1.1770282 ]
 [ 1.3730669   1.9533539 ]
 ...
 [ 4.6113796   2.9452448 ]
 [-0.91381073  2.6595368 ]
 [ 2.7019582  -2.5339813 ]]","<Compressed Sparse Row sparse matrix of dtype 'float32'
	with 66430 stored elements and shape (6188, 6188)>
  Coords	Values
  (0, 814)	1.0
  (0, 1192)	1.0
  (0, 1492)	1.0
  (0, 1552)	1.0
  (0, 1635)	1.0
  (0, 1704)	1.0
  (0, 1758)	1.0
  (0, 2069)	1.0
  (0, 2143)	1.0
  (0, 2767)	1.0
  (0, 3159)	1.0
  (0, 3214)	1.0
  (0, 3240)	1.0
  (0, 4243)	1.0
  (0, 5345)	1.0
  (1, 111)	1.0
  (1, 218)	1.0
  (1, 614)	1.0
  (1, 831)	1.0
  (1, 4989)	1.0
  (1, 5425)	1.0
  (2, 6)	1.0
  (2, 230)	1.0
  (2, 331)	1.0
  (2, 391)	1.0
  :	:
  (6184, 4253)	1.0
  (6184, 4906)	1.0
  (6184, 5932)	1.0
  (6184, 5944)	1.0
  (6185, 2795)	1.0
  (6185, 3820)	1.0
  (6185, 3917)	1.0
  (6185, 5060)	1.0
  (6185, 5853)	1.0
  (6185, 6004)	1.0
  (6186, 1007)	1.0
  (6186, 1009)	1.0
  (6186, 1048)	1.0
  (6186, 1484)	1.0
  (6186, 2994)	1.0
  (6186, 3271)	1.0
  (6186, 4455)	1.0
  (6187, 981)	1.0
  (6187, 3529)	1.0
  (6187, 3603)	1.0
  (6187, 3632)	1.0
  (6187, 4292)	1.0
  (6187, 4855)	1.0
  (6187, 5178)	1.0
  (6187, 5361)	1.0"
elegans,kmst,10,"[[-0.99837494 -2.0010757 ]
 [-0.71055984  0.303298  ]
 [-2.3309975  -0.29189968]
 ...
 [ 3.0951376   0.37360477]
 [ 1.1040468  -1.3741455 ]
 [ 3.588623    1.4340763 ]]","<Compressed Sparse Row sparse matrix of dtype 'float32'
	with 96714 stored elements and shape (6188, 6188)>
  Coords	Values
  (0, 686)	1.0
  (0, 814)	1.0
  (0, 1091)	1.0
  (0, 1150)	1.0
  (0, 1192)	1.0
  (0, 1492)	1.0
  (0, 1552)	1.0
  (0, 1635)	1.0
  (0, 1704)	1.0
  (0, 1758)	1.0
  (0, 2069)	1.0
  (0, 2143)	1.0
  (0, 2594)	1.0
  (0, 2767)	1.0
  (0, 3159)	1.0
  (0, 3214)	1.0
  (0, 3240)	1.0
  (0, 3289)	1.0
  (0, 4186)	1.0
  (0, 4243)	1.0
  (0, 4622)	1.0
  (0, 4687)	1.0
  (0, 5345)	1.0
  (1, 111)	1.0
  (1, 218)	1.0
  :	:
  (6186, 891)	1.0
  (6186, 1007)	1.0
  (6186, 1009)	1.0
  (6186, 1048)	1.0
  (6186, 1459)	1.0
  (6186, 1484)	1.0
  (6186, 2994)	1.0
  (6186, 3271)	1.0
  (6186, 3455)	1.0
  (6186, 3915)	1.0
  (6186, 4455)	1.0
  (6186, 4525)	1.0
  (6186, 5283)	1.0
  (6186, 5880)	1.0
  (6187, 981)	1.0
  (6187, 2813)	1.0
  (6187, 2900)	1.0
  (6187, 3529)	1.0
  (6187, 3603)	1.0
  (6187, 3632)	1.0
  (6187, 4292)	1.0
  (6187, 4855)	1.0
  (6187, 5178)	1.0
  (6187, 5361)	1.0
  (6187, 5610)	1.0"
elegans,umap,2,"[[ 3.205905  10.308977 ]
 [ 5.3941917  2.0611382]
 [-6.107284  15.0614395]
 ...
 [ 3.4156518  1.5928469]
 [ 8.651656  -4.789919 ]
 [ 4.440996  10.114111 ]]","<Compressed Sparse Row sparse matrix of dtype 'float32'
	with 11248 stored elements and shape (6188, 6188)>
  Coords	Values
  (0, 3214)	1.0
  (1, 2704)	1.0
  (1, 5425)	1.0
  (2, 6)	1.0
  (3, 17)	1.0
  (3, 1928)	1.0
  (3, 2377)	1.0
  (3, 5381)	1.0
  (4, 261)	1.0
  (4, 2647)	1.0
  (4, 5532)	1.0
  (4, 5540)	1.0
  (5, 1713)	1.0
  (6, 2)	1.0
  (7, 1701)	1.0
  (8, 395)	1.0
  (8, 889)	1.0
  (8, 2540)	1.0
  (9, 1822)	1.0
  (9, 2582)	1.0
  (10, 1413)	1.0
  (11, 121)	1.0
  (11, 483)	1.0
  (11, 1063)	1.0
  (11, 2330)	1.0
  :	:
  (6167, 4909)	1.0
  (6167, 5623)	1.0
  (6168, 4219)	1.0
  (6169, 3499)	1.0
  (6169, 5553)	1.0
  (6170, 2739)	1.0
  (6171, 3535)	1.0
  (6172, 5456)	1.0
  (6173, 3938)	1.0
  (6174, 3538)	1.0
  (6175, 2995)	1.0
  (6176, 3262)	1.0
  (6177, 4387)	1.0
  (6178, 2311)	1.0
  (6179, 2358)	1.0
  (6180, 4085)	1.0
  (6180, 5299)	1.0
  (6181, 5321)	1.0
  (6182, 6022)	1.0
  (6183, 3669)	1.0
  (6184, 1580)	1.0
  (6185, 5853)	1.0
  (6185, 6166)	1.0
  (6186, 1007)	1.0
  (6187, 3529)	1.0"
elegans,umap,3,"[[ 4.8460255   4.304841  ]
 [ 9.368599    6.8021736 ]
 [ 7.8698597   4.2950554 ]
 ...
 [ 6.3443823  -0.21315956]
 [ 4.482506    6.5231237 ]
 [ 7.2963276  -0.09578896]]","<Compressed Sparse Row sparse matrix of dtype 'float32'
	with 21942 stored elements and shape (6188, 6188)>
  Coords	Values
  (0, 2767)	1.0
  (0, 3214)	1.0
  (1, 1456)	0.5849686861038208
  (1, 2704)	0.5849644541740417
  (1, 5425)	1.0
  (2, 6)	1.0
  (2, 391)	0.5849615931510925
  (3, 1928)	1.0
  (3, 1930)	0.584953248500824
  (3, 2010)	0.5849642157554626
  (3, 2162)	0.8277477025985718
  (3, 2377)	0.5849631428718567
  (3, 5174)	1.0
  (3, 5381)	1.0
  (4, 261)	1.0
  (4, 2647)	1.0
  (4, 5540)	1.0
  (4, 5639)	0.584962010383606
  (5, 493)	0.5849595069885254
  (5, 1713)	1.0
  (6, 2)	1.0
  (6, 391)	0.5849546790122986
  (7, 1522)	0.5849660634994507
  (7, 1701)	0.584970235824585
  (7, 1728)	1.0
  :	:
  (6176, 3262)	1.0
  (6176, 3785)	0.5849639177322388
  (6177, 849)	1.0
  (6177, 4387)	0.584967315196991
  (6178, 203)	1.0
  (6178, 1037)	0.5849616527557373
  (6179, 1142)	0.5849699378013611
  (6179, 2358)	1.0
  (6179, 6044)	0.5849569439888
  (6180, 4085)	1.0
  (6180, 5299)	0.9999999403953552
  (6181, 156)	0.5849545001983643
  (6181, 3620)	1.0
  (6182, 4441)	0.5849627256393433
  (6182, 6022)	1.0
  (6183, 3498)	0.5849599838256836
  (6183, 3669)	1.0
  (6184, 3154)	0.5849652290344238
  (6184, 5161)	1.0
  (6185, 2795)	0.5849621295928955
  (6185, 5060)	1.0
  (6186, 1007)	1.0
  (6186, 3640)	0.584958553314209
  (6187, 3529)	1.0
  (6187, 3683)	0.5849629044532776"
elegans,umap,4,"[[ 9.75747    3.469986 ]
 [ 7.466011   3.4617186]
 [ 8.342279   5.0824766]
 ...
 [ 9.88851   -2.469965 ]
 [10.228167   0.7954807]
 [14.15803    1.8176985]]","<Compressed Sparse Row sparse matrix of dtype 'float32'
	with 32406 stored elements and shape (6188, 6188)>
  Coords	Values
  (0, 814)	0.2421775460243225
  (0, 1192)	0.46712467074394226
  (0, 1635)	0.07128800451755524
  (0, 1704)	0.3693956434726715
  (0, 2069)	0.46115121245384216
  (0, 2767)	0.927685022354126
  (0, 3214)	1.0
  (1, 614)	0.4806060791015625
  (1, 1456)	0.5193893909454346
  (1, 2704)	0.5123509168624878
  (1, 5425)	1.0
  (2, 6)	1.0
  (2, 331)	0.15384000539779663
  (2, 391)	0.7720015645027161
  (2, 782)	0.4521525800228119
  (3, 17)	1.0
  (3, 807)	0.45775625109672546
  (3, 1008)	0.36373770236968994
  (3, 1928)	1.0
  (3, 2010)	0.5502140522003174
  (3, 2162)	0.845478892326355
  (3, 2377)	0.5605050325393677
  (3, 5174)	1.0
  (3, 5381)	1.0
  (4, 261)	1.0
  :	:
  (6181, 4879)	0.5216231346130371
  (6181, 5321)	0.47837671637535095
  (6182, 4441)	0.7217684388160706
  (6182, 5348)	0.4925975203514099
  (6182, 5481)	0.48379823565483093
  (6182, 5590)	0.46909064054489136
  (6182, 6022)	1.0
  (6183, 3498)	0.6958040595054626
  (6183, 3631)	0.30420351028442383
  (6183, 3669)	1.0
  (6184, 1564)	0.4531165659427643
  (6184, 1580)	1.0
  (6184, 5279)	0.5468854308128357
  (6185, 2795)	0.13803896307945251
  (6185, 3762)	0.8619635105133057
  (6185, 5060)	1.0
  (6186, 1007)	1.0
  (6186, 1484)	0.3335581123828888
  (6186, 3640)	0.6664464473724365
  (6186, 3778)	0.57276850938797
  (6187, 3529)	1.0
  (6187, 3632)	0.43988797068595886
  (6187, 3683)	0.5601200461387634
  (6187, 4855)	0.27092161774635315
  (6187, 5361)	0.6528056263923645"
elegans,umap,5,"[[ 9.683605   3.930645 ]
 [ 7.2064095  4.522998 ]
 [ 7.795889   2.6969004]
 ...
 [11.333227   4.9273453]
 [ 8.775262   7.206382 ]
 [ 8.486801  -0.6515703]]","<Compressed Sparse Row sparse matrix of dtype 'float32'
	with 42746 stored elements and shape (6188, 6188)>
  Coords	Values
  (0, 814)	0.5463293790817261
  (0, 1192)	0.48603400588035583
  (0, 1635)	0.31665921211242676
  (0, 1704)	0.3550834655761719
  (0, 1758)	0.3985103368759155
  (0, 2069)	0.44726285338401794
  (0, 2767)	0.9437218308448792
  (0, 3159)	0.38608673214912415
  (0, 3214)	1.0
  (0, 4243)	0.1897398680448532
  (1, 614)	0.44488126039505005
  (1, 831)	0.39230677485466003
  (1, 1456)	0.48473116755485535
  (1, 2704)	0.4871540665626526
  (1, 5425)	1.0
  (2, 6)	1.0
  (2, 230)	0.1494731605052948
  (2, 331)	0.27217426896095276
  (2, 391)	0.754334568977356
  (2, 537)	0.32273396849632263
  (2, 782)	0.4517378807067871
  (2, 1368)	0.11246342211961746
  (2, 2356)	0.5899896621704102
  (3, 17)	1.0
  (3, 807)	0.545758843421936
  :	:
  (6182, 5590)	0.4464331865310669
  (6182, 5852)	0.3298491835594177
  (6182, 6022)	1.0
  (6183, 3498)	0.7248796224594116
  (6183, 3631)	0.3479371964931488
  (6183, 3669)	1.0
  (6183, 6115)	0.24911795556545258
  (6184, 1564)	0.4505789875984192
  (6184, 1580)	1.0
  (6184, 4355)	0.47848933935165405
  (6184, 6163)	0.39285457134246826
  (6185, 2795)	0.23868028819561005
  (6185, 3762)	0.8981070518493652
  (6185, 3820)	0.18513686954975128
  (6185, 5060)	1.0
  (6186, 1007)	1.0
  (6186, 1048)	0.26346972584724426
  (6186, 1484)	0.36762863397598267
  (6186, 3640)	0.6908380389213562
  (6186, 3778)	0.5703667998313904
  (6187, 981)	0.3219362795352936
  (6187, 3529)	1.0
  (6187, 3632)	0.4398772716522217
  (6187, 3683)	0.5601104497909546
  (6187, 4855)	0.30592024326324463"
elegans,umap,7,"[[ 7.035388   7.275032 ]
 [ 9.165399   8.884691 ]
 [ 9.101743   7.0548916]
 ...
 [ 6.663682  12.895552 ]
 [ 6.6368523 10.4076   ]
 [ 4.2417154  9.066585 ]]","<Compressed Sparse Row sparse matrix of dtype 'float32'
	with 63204 stored elements and shape (6188, 6188)>
  Coords	Values
  (0, 814)	0.5994137525558472
  (0, 1192)	0.4680387079715729
  (0, 1492)	0.0880955308675766
  (0, 1635)	0.4964210093021393
  (0, 1704)	0.4499686658382416
  (0, 1758)	0.4843059778213501
  (0, 2069)	0.4237172305583954
  (0, 2143)	0.27316632866859436
  (0, 2767)	0.9558144211769104
  (0, 3159)	0.39170223474502563
  (0, 3214)	1.0
  (0, 3240)	0.21876360476016998
  (0, 4243)	0.25299662351608276
  (0, 4687)	0.2931601405143738
  (1, 111)	0.18726536631584167
  (1, 614)	0.4746645987033844
  (1, 831)	0.42280328273773193
  (1, 1456)	0.513644814491272
  (1, 2704)	0.4573189616203308
  (1, 4989)	0.20897583663463593
  (1, 5425)	1.0
  (2, 6)	1.0
  (2, 230)	0.40204742550849915
  (2, 331)	0.37880364060401917
  (2, 391)	0.7434365749359131
  :	:
  (6184, 4253)	0.33646494150161743
  (6184, 4906)	1.0
  (6184, 5625)	0.3318433463573456
  (6184, 5944)	0.3282192647457123
  (6185, 2795)	0.4578131139278412
  (6185, 3820)	0.3985864222049713
  (6185, 3917)	0.3167545795440674
  (6185, 5060)	1.0
  (6185, 5853)	0.33127540349960327
  (6185, 6004)	0.3029300570487976
  (6186, 1007)	0.9999999403953552
  (6186, 1009)	0.22828510403633118
  (6186, 1048)	0.2876855432987213
  (6186, 1484)	0.3926982283592224
  (6186, 2994)	0.1907941699028015
  (6186, 3640)	0.7078888416290283
  (6186, 3778)	0.5677778720855713
  (6186, 4455)	0.2527123987674713
  (6187, 981)	0.3256879448890686
  (6187, 3529)	1.0
  (6187, 3603)	0.23211334645748138
  (6187, 3632)	0.44358569383621216
  (6187, 3683)	0.5634390115737915
  (6187, 4855)	0.3145836293697357
  (6187, 5178)	0.24252891540527344"
elegans,umap,10,"[[ 4.584751    0.25704193]
 [ 6.7873793   1.1291752 ]
 [ 6.2859993  -0.6113577 ]
 ...
 [ 4.6592274   5.079317  ]
 [ 4.120064    2.201765  ]
 [ 2.2722263   3.1925516 ]]","<Compressed Sparse Row sparse matrix of dtype 'float32'
	with 93180 stored elements and shape (6188, 6188)>
  Coords	Values
  (0, 686)	0.16885828971862793
  (0, 814)	0.649825394153595
  (0, 1150)	0.18405015766620636
  (0, 1192)	0.5142966508865356
  (0, 1492)	0.1477465182542801
  (0, 1552)	0.11159013956785202
  (0, 1635)	0.6178339123725891
  (0, 1704)	0.4920470416545868
  (0, 1758)	0.5640656352043152
  (0, 2069)	0.44078540802001953
  (0, 2143)	0.3608718514442444
  (0, 2594)	0.2352069616317749
  (0, 2767)	0.9643628597259521
  (0, 3159)	0.4120505452156067
  (0, 3214)	1.0
  (0, 3240)	0.2129284292459488
  (0, 4186)	0.1457344889640808
  (0, 4243)	0.32979193329811096
  (0, 4622)	0.10722257941961288
  (0, 4687)	0.23742824792861938
  (0, 5345)	0.18242889642715454
  (1, 111)	0.19264128804206848
  (1, 218)	0.17611144483089447
  (1, 467)	0.1555909663438797
  (1, 570)	0.14070767164230347
  :	:
  (6185, 6004)	0.18372121453285217
  (6186, 1007)	1.0
  (6186, 1009)	0.23489739000797272
  (6186, 1048)	0.29469797015190125
  (6186, 1459)	0.14772358536720276
  (6186, 1484)	0.3998579978942871
  (6186, 2994)	0.26108548045158386
  (6186, 3271)	0.18312998116016388
  (6186, 3455)	0.15198546648025513
  (6186, 3640)	0.71263188123703
  (6186, 3778)	0.5478603839874268
  (6186, 3915)	0.14695584774017334
  (6186, 4455)	0.23291975259780884
  (6186, 5880)	0.11450834572315216
  (6187, 981)	0.3227669298648834
  (6187, 2813)	0.18574143946170807
  (6187, 3529)	1.0
  (6187, 3603)	0.2294066846370697
  (6187, 3632)	0.44069933891296387
  (6187, 3683)	0.5608490109443665
  (6187, 4292)	0.17635786533355713
  (6187, 4855)	0.4183613657951355
  (6187, 5178)	0.2397853434085846
  (6187, 5361)	0.25216782093048096
  (6187, 5610)	0.11779022961854935"
horse,tsne,2,"[[ 22.408112   -6.4345675]
 [  0.8509641 -12.415241 ]
 [ 45.60956    30.689194 ]
 ...
 [ 25.337976   94.52436  ]
 [-94.03501    17.325188 ]
 [-68.48733   -41.54906  ]]",
horse,tsne,3,"[[  4.6603      2.0412505]
 [105.253716   18.381119 ]
 [-39.550568  -92.51438  ]
 ...
 [-10.291956   17.402569 ]
 [-83.06716   -28.924759 ]
 [  3.492548  114.566895 ]]",
horse,tsne,4,"[[ 21.033968   46.65528  ]
 [ 12.958419   22.962305 ]
 [-24.039251  -53.406227 ]
 ...
 [-41.29947    98.4484   ]
 [ 41.779697  -76.48598  ]
 [105.98239    -1.6601894]]",
horse,tsne,5,"[[-61.71622   -55.02397  ]
 [-46.334755  -26.90162  ]
 [-84.21755   -57.85129  ]
 ...
 [ 76.553764  -35.006058 ]
 [ 78.02505   -36.086998 ]
 [ -2.9656563 -46.54577  ]]",
horse,tsne,7,"[[-48.337696   32.772198 ]
 [-45.792076   30.750195 ]
 [-52.437145   34.726288 ]
 ...
 [-10.393733   14.7372265]
 [-10.196241   15.643466 ]
 [-42.763084  -46.75232  ]]",
horse,tsne,10,"[[  0.99900717  25.062859  ]
 [ -5.14733     13.127441  ]
 [  1.8062826   26.133438  ]
 ...
 [ 19.259026   -86.34999   ]
 [ 19.33124    -86.29921   ]
 [ -0.44180763  49.003796  ]]",
horse,kmst,2,"[[ 6.370016   2.0096192]
 [ 6.461418   2.0253358]
 [ 6.517585   1.8380775]
 ...
 [ 2.4549108 -8.613754 ]
 [ 2.469967  -8.606731 ]
 [ 6.066876   1.8244581]]","<Compressed Sparse Row sparse matrix of dtype 'float32'
	with 19698 stored elements and shape (8431, 8431)>
  Coords	Values
  (0, 1)	1.0
  (0, 129)	1.0
  (0, 7583)	1.0
  (1, 0)	1.0
  (1, 8)	1.0
  (1, 128)	1.0
  (2, 35)	1.0
  (2, 36)	1.0
  (3, 5)	1.0
  (3, 36)	1.0
  (4, 5)	1.0
  (4, 9)	1.0
  (4, 167)	1.0
  (5, 3)	1.0
  (5, 4)	1.0
  (6, 7)	1.0
  (6, 8)	1.0
  (6, 10)	1.0
  (7, 6)	1.0
  (7, 10)	1.0
  (8, 1)	1.0
  (8, 6)	1.0
  (9, 4)	1.0
  (9, 334)	1.0
  (10, 6)	1.0
  :	:
  (8420, 8419)	1.0
  (8421, 8407)	1.0
  (8421, 8414)	1.0
  (8422, 8316)	1.0
  (8422, 8425)	1.0
  (8423, 8317)	1.0
  (8423, 8424)	1.0
  (8424, 8423)	1.0
  (8424, 8425)	1.0
  (8424, 8429)	1.0
  (8425, 8348)	1.0
  (8425, 8416)	1.0
  (8425, 8422)	1.0
  (8425, 8424)	1.0
  (8426, 8318)	1.0
  (8426, 8429)	1.0
  (8427, 8319)	1.0
  (8427, 8428)	1.0
  (8428, 8427)	1.0
  (8428, 8429)	1.0
  (8429, 8424)	1.0
  (8429, 8426)	1.0
  (8429, 8428)	1.0
  (8430, 11)	1.0
  (8430, 169)	1.0"
horse,kmst,3,"[[ 7.2112064  -0.5944271 ]
 [ 7.270046   -0.700675  ]
 [ 7.2081146  -0.45072603]
 ...
 [ 4.2897925  -8.735933  ]
 [ 4.271785   -8.734375  ]
 [ 7.3793297   1.0769796 ]]","<Compressed Sparse Row sparse matrix of dtype 'float32'
	with 31146 stored elements and shape (8431, 8431)>
  Coords	Values
  (0, 1)	1.0
  (0, 2)	1.0
  (0, 35)	1.0
  (0, 129)	1.0
  (0, 7583)	1.0
  (1, 0)	1.0
  (1, 7)	1.0
  (1, 8)	1.0
  (1, 128)	1.0
  (2, 0)	1.0
  (2, 3)	1.0
  (2, 35)	1.0
  (2, 36)	1.0
  (3, 2)	1.0
  (3, 5)	1.0
  (3, 36)	1.0
  (4, 5)	1.0
  (4, 9)	1.0
  (4, 167)	1.0
  (5, 3)	1.0
  (5, 4)	1.0
  (5, 9)	1.0
  (5, 38)	1.0
  (6, 7)	1.0
  (6, 8)	1.0
  :	:
  (8424, 8425)	1.0
  (8424, 8429)	1.0
  (8425, 8348)	1.0
  (8425, 8349)	1.0
  (8425, 8416)	1.0
  (8425, 8422)	1.0
  (8425, 8424)	1.0
  (8426, 8318)	1.0
  (8426, 8319)	1.0
  (8426, 8427)	1.0
  (8426, 8428)	1.0
  (8426, 8429)	1.0
  (8427, 8318)	1.0
  (8427, 8319)	1.0
  (8427, 8426)	1.0
  (8427, 8428)	1.0
  (8428, 8426)	1.0
  (8428, 8427)	1.0
  (8428, 8429)	1.0
  (8429, 8424)	1.0
  (8429, 8426)	1.0
  (8429, 8428)	1.0
  (8430, 11)	1.0
  (8430, 168)	1.0
  (8430, 169)	1.0"
horse,kmst,4,"[[ 6.899866   1.4275608]
 [ 7.0143375  1.3859701]
 [ 6.738282   1.4486051]
 ...
 [-8.426496  -2.5225334]
 [-8.414812  -2.5122914]
 [ 5.720377   1.9428377]]","<Compressed Sparse Row sparse matrix of dtype 'float32'
	with 41016 stored elements and shape (8431, 8431)>
  Coords	Values
  (0, 1)	1.0
  (0, 2)	1.0
  (0, 35)	1.0
  (0, 129)	1.0
  (0, 7583)	1.0
  (1, 0)	1.0
  (1, 6)	1.0
  (1, 7)	1.0
  (1, 8)	1.0
  (1, 128)	1.0
  (2, 0)	1.0
  (2, 3)	1.0
  (2, 35)	1.0
  (2, 36)	1.0
  (3, 2)	1.0
  (3, 4)	1.0
  (3, 5)	1.0
  (3, 36)	1.0
  (4, 3)	1.0
  (4, 5)	1.0
  (4, 9)	1.0
  (4, 167)	1.0
  (5, 3)	1.0
  (5, 4)	1.0
  (5, 9)	1.0
  :	:
  (8426, 8317)	1.0
  (8426, 8318)	1.0
  (8426, 8319)	1.0
  (8426, 8423)	1.0
  (8426, 8427)	1.0
  (8426, 8428)	1.0
  (8426, 8429)	1.0
  (8427, 8298)	1.0
  (8427, 8318)	1.0
  (8427, 8319)	1.0
  (8427, 8426)	1.0
  (8427, 8428)	1.0
  (8427, 8429)	1.0
  (8428, 8319)	1.0
  (8428, 8426)	1.0
  (8428, 8427)	1.0
  (8428, 8429)	1.0
  (8429, 8424)	1.0
  (8429, 8426)	1.0
  (8429, 8427)	1.0
  (8429, 8428)	1.0
  (8430, 11)	1.0
  (8430, 168)	1.0
  (8430, 169)	1.0
  (8430, 228)	1.0"
horse,kmst,5,"[[-8.215805    1.0637531 ]
 [-8.266514    0.91486883]
 [-8.188819    1.0948915 ]
 ...
 [ 4.652199   -7.764943  ]
 [ 4.648323   -7.7675858 ]
 [-8.090349    1.742631  ]]","<Compressed Sparse Row sparse matrix of dtype 'float32'
	with 51080 stored elements and shape (8431, 8431)>
  Coords	Values
  (0, 1)	1.0
  (0, 2)	1.0
  (0, 35)	1.0
  (0, 128)	1.0
  (0, 129)	1.0
  (0, 7583)	1.0
  (1, 0)	1.0
  (1, 6)	1.0
  (1, 7)	1.0
  (1, 8)	1.0
  (1, 128)	1.0
  (2, 0)	1.0
  (2, 3)	1.0
  (2, 35)	1.0
  (2, 36)	1.0
  (2, 129)	1.0
  (2, 7583)	1.0
  (3, 2)	1.0
  (3, 4)	1.0
  (3, 5)	1.0
  (3, 36)	1.0
  (3, 37)	1.0
  (3, 38)	1.0
  (3, 7584)	1.0
  (4, 3)	1.0
  :	:
  (8426, 8424)	1.0
  (8426, 8427)	1.0
  (8426, 8428)	1.0
  (8426, 8429)	1.0
  (8427, 8298)	1.0
  (8427, 8318)	1.0
  (8427, 8319)	1.0
  (8427, 8426)	1.0
  (8427, 8428)	1.0
  (8427, 8429)	1.0
  (8428, 8318)	1.0
  (8428, 8319)	1.0
  (8428, 8426)	1.0
  (8428, 8427)	1.0
  (8428, 8429)	1.0
  (8429, 8423)	1.0
  (8429, 8424)	1.0
  (8429, 8426)	1.0
  (8429, 8427)	1.0
  (8429, 8428)	1.0
  (8430, 11)	1.0
  (8430, 168)	1.0
  (8430, 169)	1.0
  (8430, 170)	1.0
  (8430, 228)	1.0"
horse,kmst,7,"[[ 6.3373184  -3.171032  ]
 [ 6.3600655  -3.1087399 ]
 [ 6.303485   -3.2236242 ]
 ...
 [-0.20409203 11.201977  ]
 [-0.20117521 11.201711  ]
 [ 5.946718   -3.6280823 ]]","<Compressed Sparse Row sparse matrix of dtype 'float32'
	with 70378 stored elements and shape (8431, 8431)>
  Coords	Values
  (0, 1)	1.0
  (0, 2)	1.0
  (0, 8)	1.0
  (0, 35)	1.0
  (0, 36)	1.0
  (0, 128)	1.0
  (0, 129)	1.0
  (0, 7583)	1.0
  (1, 0)	1.0
  (1, 6)	1.0
  (1, 7)	1.0
  (1, 8)	1.0
  (1, 10)	1.0
  (1, 31)	1.0
  (1, 128)	1.0
  (1, 129)	1.0
  (1, 7583)	1.0
  (2, 0)	1.0
  (2, 3)	1.0
  (2, 33)	1.0
  (2, 35)	1.0
  (2, 36)	1.0
  (2, 129)	1.0
  (2, 7583)	1.0
  (2, 7584)	1.0
  :	:
  (8427, 8426)	1.0
  (8427, 8428)	1.0
  (8427, 8429)	1.0
  (8428, 8298)	1.0
  (8428, 8318)	1.0
  (8428, 8319)	1.0
  (8428, 8424)	1.0
  (8428, 8426)	1.0
  (8428, 8427)	1.0
  (8428, 8429)	1.0
  (8429, 8318)	1.0
  (8429, 8319)	1.0
  (8429, 8345)	1.0
  (8429, 8423)	1.0
  (8429, 8424)	1.0
  (8429, 8426)	1.0
  (8429, 8427)	1.0
  (8429, 8428)	1.0
  (8430, 11)	1.0
  (8430, 13)	1.0
  (8430, 168)	1.0
  (8430, 169)	1.0
  (8430, 170)	1.0
  (8430, 228)	1.0
  (8430, 311)	1.0"
horse,kmst,10,"[[1.5156088 4.0747795]
 [1.6613693 4.030491 ]
 [1.5028    4.116089 ]
 ...
 [8.270599  1.7606544]
 [8.280492  1.7711191]
 [0.9126568 4.3151617]]","<Compressed Sparse Row sparse matrix of dtype 'float32'
	with 98976 stored elements and shape (8431, 8431)>
  Coords	Values
  (0, 1)	1.0
  (0, 2)	1.0
  (0, 6)	1.0
  (0, 8)	1.0
  (0, 33)	1.0
  (0, 34)	1.0
  (0, 35)	1.0
  (0, 36)	1.0
  (0, 128)	1.0
  (0, 129)	1.0
  (0, 130)	1.0
  (0, 7583)	1.0
  (1, 0)	1.0
  (1, 2)	1.0
  (1, 6)	1.0
  (1, 7)	1.0
  (1, 8)	1.0
  (1, 10)	1.0
  (1, 31)	1.0
  (1, 128)	1.0
  (1, 129)	1.0
  (1, 134)	1.0
  (1, 335)	1.0
  (1, 7582)	1.0
  (1, 7583)	1.0
  :	:
  (8428, 8426)	1.0
  (8428, 8427)	1.0
  (8428, 8429)	1.0
  (8429, 8299)	1.0
  (8429, 8317)	1.0
  (8429, 8318)	1.0
  (8429, 8319)	1.0
  (8429, 8345)	1.0
  (8429, 8349)	1.0
  (8429, 8423)	1.0
  (8429, 8424)	1.0
  (8429, 8426)	1.0
  (8429, 8427)	1.0
  (8429, 8428)	1.0
  (8430, 11)	1.0
  (8430, 13)	1.0
  (8430, 40)	1.0
  (8430, 46)	1.0
  (8430, 168)	1.0
  (8430, 169)	1.0
  (8430, 170)	1.0
  (8430, 171)	1.0
  (8430, 228)	1.0
  (8430, 292)	1.0
  (8430, 311)	1.0"
horse,umap,2,"[[ 3.6249838 -5.0156107]
 [-5.094421  -5.901038 ]
 [ 3.2904892 -7.2110825]
 ...
 [-9.849062  -1.1355371]
 [-9.849072  -1.1355448]
 [ 1.8095722 -7.0354557]]","<Compressed Sparse Row sparse matrix of dtype 'float32'
	with 12570 stored elements and shape (8431, 8431)>
  Coords	Values
  (0, 129)	1.0
  (1, 8)	1.0
  (2, 35)	1.0
  (2, 36)	1.0
  (3, 5)	1.0
  (4, 5)	1.0
  (4, 9)	1.0
  (5, 3)	1.0
  (5, 4)	1.0
  (6, 8)	1.0
  (7, 10)	1.0
  (8, 1)	1.0
  (8, 6)	1.0
  (9, 4)	1.0
  (9, 334)	1.0
  (10, 7)	1.0
  (10, 335)	1.0
  (11, 292)	1.0
  (11, 8430)	1.0
  (12, 13)	1.0
  (12, 229)	1.0
  (13, 12)	1.0
  (13, 170)	1.0
  (14, 233)	1.0
  (15, 118)	1.0
  :	:
  (8409, 8410)	1.0
  (8410, 8409)	1.0
  (8411, 8384)	1.0
  (8412, 8304)	1.0
  (8413, 8307)	1.0
  (8414, 8308)	1.0
  (8415, 8309)	1.0
  (8416, 8403)	1.0
  (8417, 8405)	1.0
  (8418, 8405)	1.0
  (8419, 8420)	1.0
  (8420, 8408)	1.0
  (8420, 8419)	1.0
  (8421, 8407)	1.0
  (8422, 8316)	1.0
  (8423, 8317)	1.0
  (8424, 8429)	1.0
  (8425, 8348)	1.0
  (8426, 8318)	1.0
  (8427, 8319)	1.0
  (8428, 8429)	1.0
  (8429, 8424)	1.0
  (8429, 8428)	1.0
  (8430, 11)	1.0
  (8430, 169)	1.0"
horse,umap,3,"[[  7.870494   19.43365  ]
 [ 10.856898   20.111868 ]
 [  7.878401   19.421377 ]
 ...
 [-12.129318   10.891784 ]
 [-12.130209   10.887921 ]
 [  2.2200842  14.939249 ]]","<Compressed Sparse Row sparse matrix of dtype 'float32'
	with 19986 stored elements and shape (8431, 8431)>
  Coords	Values
  (0, 2)	0.5849634408950806
  (0, 129)	1.0
  (1, 6)	0.5849562287330627
  (1, 8)	1.0
  (2, 0)	0.5849634408950806
  (2, 35)	1.0
  (2, 36)	1.0
  (3, 5)	1.0
  (3, 36)	0.8277432918548584
  (4, 5)	1.0
  (4, 9)	1.0
  (4, 334)	0.827747106552124
  (5, 3)	1.0
  (5, 4)	1.0
  (6, 1)	0.5849562287330627
  (6, 7)	0.584952712059021
  (6, 8)	1.0
  (7, 6)	0.584952712059021
  (7, 10)	1.0
  (7, 335)	0.8277441263198853
  (8, 1)	1.0
  (8, 6)	1.0
  (9, 4)	1.0
  (9, 334)	0.9999999403953552
  (10, 7)	1.0
  :	:
  (8421, 8407)	1.0
  (8422, 8316)	0.9999999403953552
  (8422, 8415)	0.5849684476852417
  (8422, 8425)	0.5849649906158447
  (8423, 8294)	0.827751636505127
  (8423, 8317)	1.0
  (8423, 8424)	0.5849658250808716
  (8424, 8423)	0.5849658250808716
  (8424, 8429)	1.0
  (8425, 8348)	1.0
  (8425, 8416)	0.5849640369415283
  (8425, 8422)	0.5849649906158447
  (8426, 8318)	1.0
  (8426, 8427)	0.8277409076690674
  (8426, 8429)	0.5849704146385193
  (8427, 8319)	1.0
  (8427, 8426)	0.8277409076690674
  (8427, 8428)	0.5849701762199402
  (8428, 8427)	0.5849701762199402
  (8428, 8429)	1.0
  (8429, 8424)	1.0
  (8429, 8426)	0.5849704146385193
  (8429, 8428)	1.0
  (8430, 11)	1.0
  (8430, 169)	1.0"
horse,umap,4,"[[  0.8349352    5.045459  ]
 [  6.4849043  -10.083523  ]
 [  0.8352413    5.0524635 ]
 ...
 [ -9.604345    -0.5382862 ]
 [ -9.60823     -0.53848267]
 [ -0.11984634   1.9886875 ]]","<Compressed Sparse Row sparse matrix of dtype 'float32'
	with 30488 stored elements and shape (8431, 8431)>
  Coords	Values
  (0, 2)	0.6992454528808594
  (0, 35)	0.49564167857170105
  (0, 129)	1.0
  (1, 6)	0.6305235028266907
  (1, 7)	0.36947372555732727
  (1, 8)	1.0
  (1, 128)	0.4311401844024658
  (2, 0)	0.6992454528808594
  (2, 3)	0.36320117115974426
  (2, 35)	1.0
  (2, 36)	0.9999999403953552
  (3, 2)	0.36320117115974426
  (3, 5)	1.0
  (3, 36)	0.8248538970947266
  (4, 5)	1.0
  (4, 9)	1.0
  (4, 334)	0.7987145185470581
  (5, 3)	1.0
  (5, 4)	1.0
  (5, 9)	0.4446975290775299
  (5, 38)	0.39555951952934265
  (6, 1)	0.6305235028266907
  (6, 7)	0.8492597341537476
  (6, 8)	1.0
  (6, 10)	0.2981303036212921
  :	:
  (8424, 8425)	0.03615853190422058
  (8424, 8429)	1.0
  (8425, 8348)	1.0
  (8425, 8349)	0.31416431069374084
  (8425, 8416)	0.7055246829986572
  (8425, 8422)	0.6189786791801453
  (8425, 8424)	0.03615853190422058
  (8426, 8318)	1.0
  (8426, 8319)	0.41803115606307983
  (8426, 8427)	0.8276029825210571
  (8426, 8428)	0.44981953501701355
  (8426, 8429)	0.5393655896186829
  (8427, 8318)	0.4124095141887665
  (8427, 8319)	1.0
  (8427, 8426)	0.8276029825210571
  (8427, 8428)	0.550179123878479
  (8428, 8426)	0.44981953501701355
  (8428, 8427)	0.550179123878479
  (8428, 8429)	1.0
  (8429, 8424)	1.0
  (8429, 8426)	0.5393655896186829
  (8429, 8428)	1.0
  (8430, 11)	1.0
  (8430, 168)	0.3055124878883362
  (8430, 169)	1.0"
horse,umap,5,"[[ 6.168276   5.66774  ]
 [ 6.238331   5.7215157]
 [ 6.1640034  5.6777153]
 ...
 [-8.789146  -3.0506153]
 [-8.791648  -3.0420074]
 [ 5.457079   4.3319283]]","<Compressed Sparse Row sparse matrix of dtype 'float32'
	with 40464 stored elements and shape (8431, 8431)>
  Coords	Values
  (0, 1)	0.41016700863838196
  (0, 2)	0.7496485710144043
  (0, 35)	0.451375275850296
  (0, 129)	1.0
  (0, 7583)	0.21112218499183655
  (1, 0)	0.41016700863838196
  (1, 6)	0.6991907954216003
  (1, 7)	0.3535665273666382
  (1, 8)	0.9999999403953552
  (1, 128)	0.6125919818878174
  (2, 0)	0.7496485710144043
  (2, 3)	0.48115989565849304
  (2, 35)	1.0
  (2, 36)	0.9999999403953552
  (3, 2)	0.48115989565849304
  (3, 4)	0.18431420624256134
  (3, 5)	0.9999999403953552
  (3, 36)	0.8510697484016418
  (4, 3)	0.18431420624256134
  (4, 5)	1.0
  (4, 9)	1.0
  (4, 167)	0.2189050167798996
  (4, 334)	0.8400449752807617
  (5, 3)	0.9999999403953552
  (5, 4)	1.0
  :	:
  (8426, 8317)	0.14359451830387115
  (8426, 8318)	1.0
  (8426, 8319)	0.41321462392807007
  (8426, 8423)	0.367299348115921
  (8426, 8427)	0.8264153003692627
  (8426, 8428)	0.48902782797813416
  (8426, 8429)	0.5643407106399536
  (8427, 8298)	0.5364581942558289
  (8427, 8318)	0.4138849675655365
  (8427, 8319)	1.0
  (8427, 8426)	0.8264153003692627
  (8427, 8428)	0.5856655240058899
  (8427, 8429)	0.27001747488975525
  (8428, 8319)	0.24724304676055908
  (8428, 8426)	0.48902782797813416
  (8428, 8427)	0.5856655240058899
  (8428, 8429)	1.0
  (8429, 8424)	1.0
  (8429, 8426)	0.5643407106399536
  (8429, 8427)	0.27001747488975525
  (8429, 8428)	1.0
  (8430, 11)	0.9999999403953552
  (8430, 168)	0.4629787504673004
  (8430, 169)	0.9999999403953552
  (8430, 228)	0.20835813879966736"
horse,umap,7,"[[  3.7592888   4.956009 ]
 [  3.7519283   5.022785 ]
 [  3.788312    4.9127007]
 ...
 [-10.607012   -2.2499452]
 [-10.60403    -2.2479525]
 [  3.2936401   4.649665 ]]","<Compressed Sparse Row sparse matrix of dtype 'float32'
	with 60416 stored elements and shape (8431, 8431)>
  Coords	Values
  (0, 1)	0.6472403407096863
  (0, 2)	0.8450011610984802
  (0, 8)	0.10501903295516968
  (0, 35)	0.6445666551589966
  (0, 36)	0.11426752805709839
  (0, 128)	0.14112569391727448
  (0, 129)	1.0
  (0, 7583)	0.24729232490062714
  (1, 0)	0.6472403407096863
  (1, 6)	0.7078260183334351
  (1, 7)	0.32648441195487976
  (1, 8)	1.0
  (1, 31)	0.2558552324771881
  (1, 128)	0.5787989497184753
  (2, 0)	0.8450011610984802
  (2, 3)	0.577231764793396
  (2, 33)	0.22935126721858978
  (2, 35)	1.0
  (2, 36)	1.0
  (2, 129)	0.09256438165903091
  (2, 7583)	0.20785169303417206
  (3, 2)	0.577231764793396
  (3, 4)	0.226406529545784
  (3, 5)	0.9999999403953552
  (3, 36)	0.8867855072021484
  :	:
  (8427, 8299)	0.1887904554605484
  (8427, 8318)	0.5296469330787659
  (8427, 8319)	1.0
  (8427, 8426)	0.8219428062438965
  (8427, 8428)	0.7223979234695435
  (8427, 8429)	0.2792142629623413
  (8428, 8318)	0.24273422360420227
  (8428, 8319)	0.26998409628868103
  (8428, 8424)	0.17734859883785248
  (8428, 8426)	0.6190884113311768
  (8428, 8427)	0.7223979234695435
  (8428, 8429)	1.0
  (8429, 8318)	0.21248523890972137
  (8429, 8345)	0.19822773337364197
  (8429, 8423)	0.45312461256980896
  (8429, 8424)	1.0
  (8429, 8426)	0.7016416192054749
  (8429, 8427)	0.2792142629623413
  (8429, 8428)	1.0
  (8430, 11)	0.9999999403953552
  (8430, 168)	0.523273229598999
  (8430, 169)	1.0
  (8430, 170)	0.209750235080719
  (8430, 228)	0.3928893804550171
  (8430, 311)	0.20049843192100525"
horse,umap,10,"[[10.220333 10.109058]
 [10.239773 10.015718]
 [10.228594 10.139566]
 ...
 [-8.75832  11.626644]
 [-8.744122 11.616173]
 [ 9.779163 10.777992]]","<Compressed Sparse Row sparse matrix of dtype 'float32'
	with 89570 stored elements and shape (8431, 8431)>
  Coords	Values
  (0, 1)	0.6882081031799316
  (0, 2)	0.8906170725822449
  (0, 6)	0.06272877752780914
  (0, 8)	0.1592615395784378
  (0, 34)	0.07384219765663147
  (0, 35)	0.7468476295471191
  (0, 36)	0.14449317753314972
  (0, 128)	0.20264486968517303
  (0, 129)	1.0
  (0, 7583)	0.33126121759414673
  (1, 0)	0.6882081031799316
  (1, 2)	0.052590399980545044
  (1, 6)	0.721466600894928
  (1, 7)	0.3995511829853058
  (1, 8)	1.0
  (1, 10)	0.22933578491210938
  (1, 31)	0.3832598328590393
  (1, 128)	0.5566596984863281
  (1, 129)	0.050967078655958176
  (1, 134)	0.19287732243537903
  (1, 335)	0.16790369153022766
  (1, 7582)	0.14488576352596283
  (1, 7583)	0.17123685777187347
  (2, 0)	0.8906170725822449
  (2, 1)	0.052590399980545044
  :	:
  (8428, 8424)	0.32011908292770386
  (8428, 8426)	0.6395345330238342
  (8428, 8427)	0.7546703815460205
  (8428, 8429)	1.0
  (8429, 8299)	0.09599415957927704
  (8429, 8317)	0.22744685411453247
  (8429, 8318)	0.24060027301311493
  (8429, 8319)	0.16949154436588287
  (8429, 8345)	0.19943583011627197
  (8429, 8349)	0.15694308280944824
  (8429, 8423)	0.48001599311828613
  (8429, 8424)	1.0
  (8429, 8426)	0.7223557829856873
  (8429, 8427)	0.43561363220214844
  (8429, 8428)	1.0
  (8430, 11)	0.9999999403953552
  (8430, 13)	0.18784670531749725
  (8430, 40)	0.17551594972610474
  (8430, 168)	0.5340297818183899
  (8430, 169)	1.0
  (8430, 170)	0.20423536002635956
  (8430, 171)	0.17767556011676788
  (8430, 228)	0.3865269720554352
  (8430, 292)	0.13720792531967163
  (8430, 311)	0.3708651065826416"
mnist,tsne,2,"[[  -9.92543    -14.479223 ]
 [  83.642166    42.100388 ]
 [  46.643764    -1.8825095]
 ...
 [ -11.813558    25.391785 ]
 [ 104.55072     16.929138 ]
 [  15.088435  -117.61335  ]]",
mnist,tsne,3,"[[  4.263208 -16.184647]
 [ 22.625422 -23.96435 ]
 [-37.83416  -47.348698]
 ...
 [-36.06629   64.729935]
 [ 51.20429   93.45775 ]
 [-61.305237  11.543773]]",
mnist,tsne,4,"[[ 14.313735  -27.789013 ]
 [ 26.482141   84.84103  ]
 [ 84.10787   -35.336514 ]
 ...
 [ 17.511627   15.150371 ]
 [-37.799877  -23.326057 ]
 [ -4.9413333 -54.690823 ]]",
mnist,tsne,5,"[[-36.753452     4.671697  ]
 [-26.188095   -77.85475   ]
 [ 80.713646   -55.77218   ]
 ...
 [-25.103413   -50.35881   ]
 [ 58.120693    -2.2239254 ]
 [  0.38813508  60.91751   ]]",
mnist,tsne,7,"[[ -23.306894 -107.193375]
 [ -44.175358   54.29439 ]
 [ -17.606379   37.10665 ]
 ...
 [  73.82383   -28.24908 ]
 [ -57.61488   -75.70481 ]
 [ -76.881065  -41.238804]]",
mnist,tsne,10,"[[ 43.11729  -51.822388]
 [-22.072874 -59.15364 ]
 [-56.607136 -29.301296]
 ...
 [ -4.550505   8.357363]
 [ 26.089237 -85.12596 ]
 [ -7.303202 -45.93587 ]]",
mnist,kmst,2,"[[-3.5049639  -0.7948499 ]
 [-0.59001637  0.16135502]
 [-2.2888775   0.5616462 ]
 ...
 [ 1.9409904  -3.0968451 ]
 [-1.271404    1.0409136 ]
 [-3.2729168  -0.46282053]]","<Compressed Sparse Row sparse matrix of dtype 'float32'
	with 160764 stored elements and shape (70000, 70000)>
  Coords	Values
  (0, 32248)	1.0
  (1, 639)	1.0
  (2, 64458)	1.0
  (3, 23)	1.0
  (4, 10208)	1.0
  (5, 9989)	1.0
  (5, 46277)	1.0
  (5, 57319)	1.0
  (5, 67001)	1.0
  (6, 68540)	1.0
  (7, 5097)	1.0
  (7, 12483)	1.0
  (7, 12625)	1.0
  (7, 59016)	1.0
  (8, 51451)	1.0
  (9, 5755)	1.0
  (9, 13841)	1.0
  (10, 11929)	1.0
  (10, 41428)	1.0
  (11, 13843)	1.0
  (12, 20009)	1.0
  (12, 61278)	1.0
  (12, 64164)	1.0
  (13, 59770)	1.0
  (13, 67105)	1.0
  :	:
  (69990, 56749)	1.0
  (69990, 64677)	1.0
  (69990, 65563)	1.0
  (69991, 10862)	1.0
  (69991, 57212)	1.0
  (69991, 60655)	1.0
  (69992, 27007)	1.0
  (69992, 65491)	1.0
  (69993, 8533)	1.0
  (69994, 4953)	1.0
  (69994, 9315)	1.0
  (69994, 36353)	1.0
  (69995, 16390)	1.0
  (69995, 23082)	1.0
  (69995, 29064)	1.0
  (69995, 31354)	1.0
  (69996, 42627)	1.0
  (69996, 57806)	1.0
  (69997, 3261)	1.0
  (69997, 6949)	1.0
  (69998, 1311)	1.0
  (69998, 66136)	1.0
  (69999, 7641)	1.0
  (69999, 12959)	1.0
  (69999, 22424)	1.0"
mnist,kmst,3,"[[-1.918653   -0.4314499 ]
 [ 0.19778824  4.45984   ]
 [-1.0613632  -3.6009436 ]
 ...
 [ 2.019453   -2.610313  ]
 [-1.0468714  -1.1532712 ]
 [-3.1882524   3.2474747 ]]","<Compressed Sparse Row sparse matrix of dtype 'float32'
	with 271102 stored elements and shape (70000, 70000)>
  Coords	Values
  (0, 18932)	1.0
  (0, 32248)	1.0
  (1, 639)	1.0
  (1, 67601)	1.0
  (2, 46128)	1.0
  (2, 64458)	1.0
  (3, 23)	1.0
  (3, 35168)	1.0
  (3, 35507)	1.0
  (4, 1396)	1.0
  (4, 10208)	1.0
  (5, 9989)	1.0
  (5, 24229)	1.0
  (5, 46277)	1.0
  (5, 57319)	1.0
  (5, 67001)	1.0
  (6, 20898)	1.0
  (6, 68540)	1.0
  (7, 179)	1.0
  (7, 5097)	1.0
  (7, 8075)	1.0
  (7, 12483)	1.0
  (7, 12625)	1.0
  (7, 53943)	1.0
  (7, 59016)	1.0
  :	:
  (69992, 65491)	1.0
  (69993, 8533)	1.0
  (69993, 66062)	1.0
  (69994, 4953)	1.0
  (69994, 7536)	1.0
  (69994, 9315)	1.0
  (69994, 16923)	1.0
  (69994, 19765)	1.0
  (69994, 36353)	1.0
  (69995, 16390)	1.0
  (69995, 23082)	1.0
  (69995, 29064)	1.0
  (69995, 31354)	1.0
  (69996, 27987)	1.0
  (69996, 42627)	1.0
  (69996, 57806)	1.0
  (69997, 3261)	1.0
  (69997, 6949)	1.0
  (69997, 35362)	1.0
  (69998, 1311)	1.0
  (69998, 66136)	1.0
  (69999, 5329)	1.0
  (69999, 7641)	1.0
  (69999, 12959)	1.0
  (69999, 22424)	1.0"
mnist,kmst,4,"[[-0.24129486  0.34768486]
 [-4.0970693  -2.8722615 ]
 [ 3.250259   -3.6557474 ]
 ...
 [ 4.551465   -0.6230254 ]
 [ 0.6542454   2.226149  ]
 [-2.3727188  -2.3219738 ]]","<Compressed Sparse Row sparse matrix of dtype 'float32'
	with 379478 stored elements and shape (70000, 70000)>
  Coords	Values
  (0, 18932)	1.0
  (0, 63470)	1.0
  (0, 65325)	1.0
  (1, 639)	1.0
  (1, 51121)	1.0
  (1, 59187)	1.0
  (1, 67601)	1.0
  (2, 4410)	1.0
  (2, 46128)	1.0
  (2, 62338)	1.0
  (2, 64458)	1.0
  (3, 23)	1.0
  (3, 34166)	1.0
  (3, 35168)	1.0
  (3, 35507)	1.0
  (3, 51305)	1.0
  (4, 1142)	1.0
  (4, 1396)	1.0
  (4, 10208)	1.0
  (4, 11190)	1.0
  (5, 635)	1.0
  (5, 9989)	1.0
  (5, 24229)	1.0
  (5, 29819)	1.0
  (5, 46277)	1.0
  :	:
  (69994, 65762)	1.0
  (69995, 16390)	1.0
  (69995, 23082)	1.0
  (69995, 24836)	1.0
  (69995, 29064)	1.0
  (69995, 31354)	1.0
  (69995, 64066)	1.0
  (69996, 27987)	1.0
  (69996, 28075)	1.0
  (69996, 42627)	1.0
  (69996, 57806)	1.0
  (69997, 3261)	1.0
  (69997, 6949)	1.0
  (69997, 14411)	1.0
  (69997, 35362)	1.0
  (69997, 50284)	1.0
  (69998, 1311)	1.0
  (69998, 6011)	1.0
  (69998, 17247)	1.0
  (69998, 66136)	1.0
  (69999, 5329)	1.0
  (69999, 7641)	1.0
  (69999, 12959)	1.0
  (69999, 22424)	1.0
  (69999, 67172)	1.0"
mnist,kmst,5,"[[ 2.382493   -1.5875964 ]
 [-3.2717328  -3.2206755 ]
 [-2.2614002   4.250333  ]
 ...
 [ 0.5253253   4.411484  ]
 [ 3.6090107  -0.69166756]
 [-0.11677885 -4.5415783 ]]","<Compressed Sparse Row sparse matrix of dtype 'float32'
	with 486962 stored elements and shape (70000, 70000)>
  Coords	Values
  (0, 18932)	1.0
  (0, 32248)	1.0
  (0, 63470)	1.0
  (0, 65325)	1.0
  (1, 639)	1.0
  (1, 31059)	1.0
  (1, 51121)	1.0
  (1, 59187)	1.0
  (1, 67601)	1.0
  (2, 4410)	1.0
  (2, 25670)	1.0
  (2, 46128)	1.0
  (2, 62338)	1.0
  (2, 64458)	1.0
  (3, 23)	1.0
  (3, 609)	1.0
  (3, 34166)	1.0
  (3, 35168)	1.0
  (3, 35507)	1.0
  (3, 51305)	1.0
  (3, 54875)	1.0
  (4, 1396)	1.0
  (4, 10208)	1.0
  (4, 11190)	1.0
  (4, 39932)	1.0
  :	:
  (69996, 330)	1.0
  (69996, 27987)	1.0
  (69996, 28075)	1.0
  (69996, 42627)	1.0
  (69996, 57806)	1.0
  (69997, 3261)	1.0
  (69997, 6949)	1.0
  (69997, 9362)	1.0
  (69997, 14411)	1.0
  (69997, 35362)	1.0
  (69997, 40081)	1.0
  (69997, 50284)	1.0
  (69997, 58994)	1.0
  (69998, 1311)	1.0
  (69998, 6011)	1.0
  (69998, 6471)	1.0
  (69998, 17247)	1.0
  (69998, 66136)	1.0
  (69999, 2523)	1.0
  (69999, 5179)	1.0
  (69999, 5329)	1.0
  (69999, 7641)	1.0
  (69999, 12959)	1.0
  (69999, 22424)	1.0
  (69999, 67172)	1.0"
mnist,kmst,7,"[[ 0.7019539   0.73283577]
 [ 2.0741096   4.0761027 ]
 [-3.260271    1.9317837 ]
 ...
 [-3.6931992  -0.19975376]
 [-0.45812464  0.5924897 ]
 [ 3.5234008   2.2879028 ]]","<Compressed Sparse Row sparse matrix of dtype 'float32'
	with 699332 stored elements and shape (70000, 70000)>
  Coords	Values
  (0, 18932)	1.0
  (0, 24149)	1.0
  (0, 30483)	1.0
  (0, 32248)	1.0
  (0, 63470)	1.0
  (0, 65325)	1.0
  (1, 639)	1.0
  (1, 2581)	1.0
  (1, 31059)	1.0
  (1, 32388)	1.0
  (1, 36953)	1.0
  (1, 51121)	1.0
  (1, 59187)	1.0
  (1, 67601)	1.0
  (2, 4410)	1.0
  (2, 23878)	1.0
  (2, 25670)	1.0
  (2, 26652)	1.0
  (2, 46128)	1.0
  (2, 54197)	1.0
  (2, 62338)	1.0
  (2, 64458)	1.0
  (3, 23)	1.0
  (3, 609)	1.0
  (3, 11249)	1.0
  :	:
  (69997, 9362)	1.0
  (69997, 14411)	1.0
  (69997, 22355)	1.0
  (69997, 35362)	1.0
  (69997, 40081)	1.0
  (69997, 50284)	1.0
  (69997, 58994)	1.0
  (69997, 65076)	1.0
  (69998, 1311)	1.0
  (69998, 6011)	1.0
  (69998, 6471)	1.0
  (69998, 17247)	1.0
  (69998, 29157)	1.0
  (69998, 36407)	1.0
  (69998, 36987)	1.0
  (69998, 66136)	1.0
  (69999, 2523)	1.0
  (69999, 5179)	1.0
  (69999, 5329)	1.0
  (69999, 7641)	1.0
  (69999, 12959)	1.0
  (69999, 22424)	1.0
  (69999, 24453)	1.0
  (69999, 56015)	1.0
  (69999, 67172)	1.0"
mnist,kmst,10,"[[-1.187458    0.5046854 ]
 [-4.5295877  -0.64224243]
 [ 2.007183    3.4039993 ]
 ...
 [ 3.227993    1.9007034 ]
 [-0.33847046  0.13742256]
 [-3.12702    -1.9543381 ]]","<Compressed Sparse Row sparse matrix of dtype 'float32'
	with 1013874 stored elements and shape (70000, 70000)>
  Coords	Values
  (0, 8728)	1.0
  (0, 24149)	1.0
  (0, 26251)	1.0
  (0, 42338)	1.0
  (0, 50173)	1.0
  (0, 52295)	1.0
  (0, 61693)	1.0
  (0, 63470)	1.0
  (0, 63952)	1.0
  (1, 21)	1.0
  (1, 639)	1.0
  (1, 1605)	1.0
  (1, 2581)	1.0
  (1, 13280)	1.0
  (1, 31059)	1.0
  (1, 32388)	1.0
  (1, 36953)	1.0
  (1, 45857)	1.0
  (1, 51121)	1.0
  (1, 59187)	1.0
  (1, 67601)	1.0
  (2, 4410)	1.0
  (2, 10960)	1.0
  (2, 20836)	1.0
  (2, 24296)	1.0
  :	:
  (69997, 67764)	1.0
  (69997, 68039)	1.0
  (69998, 1311)	1.0
  (69998, 6011)	1.0
  (69998, 6471)	1.0
  (69998, 9951)	1.0
  (69998, 17217)	1.0
  (69998, 17247)	1.0
  (69998, 29157)	1.0
  (69998, 33321)	1.0
  (69998, 36407)	1.0
  (69998, 36987)	1.0
  (69998, 66136)	1.0
  (69999, 2523)	1.0
  (69999, 5179)	1.0
  (69999, 5329)	1.0
  (69999, 7641)	1.0
  (69999, 10767)	1.0
  (69999, 12959)	1.0
  (69999, 22424)	1.0
  (69999, 24453)	1.0
  (69999, 52441)	1.0
  (69999, 56015)	1.0
  (69999, 67172)	1.0
  (69999, 68336)	1.0"
mnist,umap,2,"[[ 6.51235    3.264048 ]
 [ 8.574087   0.9765909]
 [15.781746   5.5073795]
 ...
 [ 6.120826  -0.2676084]
 [ 9.137398  -6.337681 ]
 [ 3.9831896 -5.8334293]]","<Compressed Sparse Row sparse matrix of dtype 'float32'
	with 114390 stored elements and shape (70000, 70000)>
  Coords	Values
  (0, 18932)	1.0
  (1, 639)	1.0
  (2, 64458)	1.0
  (3, 23)	1.0
  (4, 10208)	1.0
  (5, 67001)	1.0
  (6, 68540)	1.0
  (7, 12483)	1.0
  (8, 51451)	1.0
  (9, 5755)	1.0
  (10, 3323)	1.0
  (11, 13843)	1.0
  (12, 20009)	1.0
  (13, 67105)	1.0
  (14, 17695)	1.0
  (15, 35101)	1.0
  (16, 2846)	1.0
  (17, 10079)	1.0
  (17, 28729)	1.0
  (17, 65011)	1.0
  (18, 17670)	1.0
  (18, 27724)	1.0
  (18, 47251)	1.0
  (19, 1585)	1.0
  (20, 9172)	1.0
  :	:
  (69987, 33925)	1.0
  (69987, 45095)	1.0
  (69988, 19775)	1.0
  (69989, 11985)	1.0
  (69989, 50093)	1.0
  (69990, 49413)	1.0
  (69990, 56749)	1.0
  (69990, 65563)	1.0
  (69991, 10862)	1.0
  (69992, 27007)	1.0
  (69992, 65491)	1.0
  (69993, 8533)	1.0
  (69993, 37303)	1.0
  (69994, 4953)	1.0
  (69994, 9315)	1.0
  (69994, 36353)	1.0
  (69995, 16390)	1.0
  (69995, 29064)	1.0
  (69996, 42627)	1.0
  (69997, 3261)	1.0
  (69998, 1311)	1.0
  (69998, 66136)	1.0
  (69999, 7641)	1.0
  (69999, 12959)	1.0
  (69999, 22424)	1.0"
mnist,umap,3,"[[ 5.885748   3.2643595]
 [10.5630665  7.821143 ]
 [ 2.934091  -2.407732 ]
 ...
 [ 1.4529824  0.3520701]
 [ 4.9730854  2.3273077]
 [ 9.766764   3.1609058]]","<Compressed Sparse Row sparse matrix of dtype 'float32'
	with 219642 stored elements and shape (70000, 70000)>
  Coords	Values
  (0, 32248)	1.0
  (0, 63470)	0.5849578380584717
  (1, 31059)	0.5849636197090149
  (1, 51121)	1.0
  (2, 54197)	0.5849676132202148
  (2, 64458)	0.9999999403953552
  (3, 23)	1.0
  (3, 8725)	0.8277366757392883
  (4, 10208)	1.0
  (4, 36402)	0.8277438879013062
  (5, 46277)	1.0
  (5, 67001)	0.5849652290344238
  (6, 29514)	0.5849716067314148
  (6, 68540)	1.0
  (7, 179)	0.5849654078483582
  (7, 12483)	1.0
  (7, 12625)	0.5849666595458984
  (7, 53943)	0.5849667191505432
  (7, 55509)	0.5849590301513672
  (7, 59016)	0.5849549770355225
  (7, 66704)	0.5849559307098389
  (8, 51451)	1.0
  (8, 60427)	0.5849639773368835
  (9, 5755)	1.0
  (9, 13841)	0.5849600434303284
  :	:
  (69991, 33546)	0.5849568247795105
  (69991, 57212)	0.5849599242210388
  (69991, 60655)	1.0
  (69992, 27007)	1.0
  (69992, 65002)	0.5849562883377075
  (69992, 65491)	1.0
  (69993, 8533)	1.0
  (69993, 19565)	0.5849588513374329
  (69994, 4953)	1.0
  (69994, 9315)	1.0
  (69994, 36353)	1.0
  (69995, 16390)	1.0
  (69995, 23082)	0.5849652290344238
  (69995, 29064)	1.0
  (69996, 42627)	0.5849571824073792
  (69996, 57806)	1.0
  (69997, 3261)	1.0
  (69997, 35362)	0.5849544405937195
  (69998, 1311)	1.0
  (69998, 36407)	0.5849661231040955
  (69998, 66136)	1.0
  (69999, 5179)	0.5849636197090149
  (69999, 7641)	1.0
  (69999, 12959)	1.0
  (69999, 22424)	1.0"
mnist,umap,4,"[[ 9.166354   3.6578922]
 [15.389345   6.4792967]
 [ 7.2952175 -1.8689661]
 ...
 [ 5.3740883 -1.139658 ]
 [ 8.389849   2.5325718]
 [12.155838   5.6093607]]","<Compressed Sparse Row sparse matrix of dtype 'float32'
	with 323744 stored elements and shape (70000, 70000)>
  Coords	Values
  (0, 8728)	1.0
  (0, 24149)	0.5590968132019043
  (0, 26251)	0.4408939778804779
  (1, 639)	1.0
  (1, 51121)	0.9935075640678406
  (1, 67601)	0.4725836515426636
  (2, 46128)	0.16977553069591522
  (2, 54197)	0.8302295804023743
  (2, 64458)	0.9999999403953552
  (3, 23)	1.0
  (3, 8725)	0.9264044165611267
  (3, 35168)	0.37558355927467346
  (3, 35507)	0.37302395701408386
  (4, 10208)	1.0
  (4, 36402)	0.8529512286186218
  (4, 39932)	0.3753279149532318
  (5, 9989)	0.36583131551742554
  (5, 46277)	1.0
  (5, 67001)	0.7545380592346191
  (6, 20898)	0.4634539783000946
  (6, 29514)	0.5365487933158875
  (6, 68540)	1.0
  (7, 179)	0.4926220774650574
  (7, 5097)	0.6906654238700867
  (7, 10483)	0.42068618535995483
  :	:
  (69994, 9315)	1.0
  (69994, 16923)	0.21473440527915955
  (69994, 19765)	0.48385828733444214
  (69994, 36353)	1.0
  (69995, 16390)	1.0
  (69995, 23082)	0.6478472948074341
  (69995, 28059)	0.46651822328567505
  (69995, 29064)	1.0
  (69995, 31354)	0.35215339064598083
  (69996, 27987)	0.45384469628334045
  (69996, 42627)	0.7623776197433472
  (69996, 57806)	1.0
  (69997, 3261)	1.0
  (69997, 6949)	0.4881976544857025
  (69997, 35362)	0.3945656418800354
  (69997, 40081)	0.3853365182876587
  (69997, 58994)	0.6054405570030212
  (69998, 1311)	1.0
  (69998, 36407)	0.5170713067054749
  (69998, 66136)	1.0
  (69999, 5179)	0.5527551770210266
  (69999, 5329)	0.4472450315952301
  (69999, 7641)	1.0
  (69999, 12959)	1.0
  (69999, 22424)	1.0"
mnist,umap,5,"[[ 4.081662    2.8239055 ]
 [-1.5455217   5.824044  ]
 [ 7.674906   -2.1504297 ]
 ...
 [ 9.125352   -0.8153944 ]
 [ 4.636574    1.5818892 ]
 [ 0.77483463  3.563209  ]]","<Compressed Sparse Row sparse matrix of dtype 'float32'
	with 427194 stored elements and shape (70000, 70000)>
  Coords	Values
  (0, 8728)	1.0
  (0, 24149)	0.29402557015419006
  (0, 30483)	0.6146131753921509
  (0, 63470)	0.41329506039619446
  (1, 639)	1.0
  (1, 51121)	0.6724305152893066
  (1, 59187)	0.3942500948905945
  (1, 67601)	0.4356498122215271
  (2, 4410)	0.2188461273908615
  (2, 46128)	0.241562619805336
  (2, 54197)	0.8615236878395081
  (2, 62338)	0.38890284299850464
  (2, 64458)	1.0
  (3, 23)	0.9999999403953552
  (3, 8725)	0.9452561736106873
  (3, 34166)	0.31476595997810364
  (3, 35168)	0.3866004943847656
  (3, 35507)	0.63692706823349
  (3, 51305)	0.3029327094554901
  (4, 1142)	0.4594830274581909
  (4, 1396)	0.48045802116394043
  (4, 10208)	1.0
  (4, 11190)	0.3525044322013855
  (4, 36402)	0.8262532353401184
  (5, 9989)	0.7388720512390137
  :	:
  (69995, 24836)	0.3116593062877655
  (69995, 29064)	1.0
  (69995, 31354)	0.5918282866477966
  (69995, 64066)	0.4176654815673828
  (69996, 27987)	1.0
  (69996, 28075)	0.8353702425956726
  (69996, 39566)	0.23027527332305908
  (69996, 47510)	0.25628313422203064
  (69997, 3261)	0.9999999403953552
  (69997, 6949)	0.45225417613983154
  (69997, 9362)	0.3282776176929474
  (69997, 14411)	0.4861835241317749
  (69997, 35362)	0.5074688792228699
  (69997, 50284)	0.300679087638855
  (69998, 1311)	1.0
  (69998, 6011)	0.3888886272907257
  (69998, 17247)	0.5063410401344299
  (69998, 36407)	0.48404166102409363
  (69998, 66136)	1.0
  (69999, 2523)	0.3785076141357422
  (69999, 5179)	0.5256644487380981
  (69999, 5329)	0.4177572429180145
  (69999, 7641)	1.0
  (69999, 12959)	1.0
  (69999, 22424)	1.0"
mnist,umap,7,"[[ 4.849827    2.9495664 ]
 [ 0.6678567   2.855874  ]
 [ 9.144002   -0.61478806]
 ...
 [10.27179     0.9037733 ]
 [ 5.969961    2.2447214 ]
 [ 2.118734    5.18668   ]]","<Compressed Sparse Row sparse matrix of dtype 'float32'
	with 632816 stored elements and shape (70000, 70000)>
  Coords	Values
  (0, 8728)	1.0
  (0, 18932)	0.7113132476806641
  (0, 24149)	0.24573150277137756
  (0, 52295)	0.21407264471054077
  (0, 63470)	0.3630877137184143
  (0, 65325)	0.27314242720603943
  (1, 639)	1.0
  (1, 2581)	0.3211188316345215
  (1, 32388)	0.2929496169090271
  (1, 51121)	0.6363464593887329
  (1, 59187)	0.3507416844367981
  (1, 67601)	0.3924652934074402
  (2, 4410)	0.2570059895515442
  (2, 25670)	0.20520183444023132
  (2, 26652)	0.1892017126083374
  (2, 46128)	0.28073516488075256
  (2, 54197)	0.8936823606491089
  (2, 62338)	0.37107861042022705
  (2, 64458)	1.0
  (3, 23)	1.0
  (3, 609)	0.11572186648845673
  (3, 8725)	0.9604436755180359
  (3, 11249)	0.14032825827598572
  (3, 34166)	0.3310090899467468
  (3, 35168)	0.4252279996871948
  :	:
  (69997, 3261)	0.9999999403953552
  (69997, 6949)	0.4263412356376648
  (69997, 9362)	0.2194339781999588
  (69997, 14411)	0.3745765686035156
  (69997, 22355)	0.20873959362506866
  (69997, 35362)	0.3970811367034912
  (69997, 40081)	0.32347923517227173
  (69997, 50284)	0.4377083480358124
  (69997, 58994)	0.6992805004119873
  (69998, 1311)	1.0
  (69998, 6011)	0.340018093585968
  (69998, 6471)	0.31568217277526855
  (69998, 17247)	0.3454095423221588
  (69998, 36407)	0.6174811124801636
  (69998, 36987)	0.3143680691719055
  (69998, 66136)	1.0
  (69998, 68183)	0.24784813821315765
  (69999, 2523)	0.32076719403266907
  (69999, 5179)	0.47111281752586365
  (69999, 5329)	0.360030859708786
  (69999, 7641)	1.0
  (69999, 12959)	1.0
  (69999, 22424)	1.0
  (69999, 56015)	0.27692559361457825
  (69999, 67172)	0.3525272607803345"
mnist,umap,10,"[[ 4.646907    2.9958992 ]
 [ 9.036295    3.5953426 ]
 [ 1.1421447  -0.11731529]
 ...
 [ 0.02978611  1.2352757 ]
 [ 3.8603477   2.973834  ]
 [ 7.223852    4.3970947 ]]","<Compressed Sparse Row sparse matrix of dtype 'float32'
	with 940218 stored elements and shape (70000, 70000)>
  Coords	Values
  (0, 8728)	0.4015105068683624
  (0, 18932)	0.3653326630592346
  (0, 24149)	0.27210330963134766
  (0, 26251)	0.23211944103240967
  (0, 32248)	1.0
  (0, 50173)	0.2055705338716507
  (0, 52295)	0.2618965208530426
  (0, 63470)	0.3032025992870331
  (0, 65325)	0.28019800782203674
  (1, 639)	1.0
  (1, 1605)	0.23429323732852936
  (1, 2581)	0.2775000333786011
  (1, 31059)	0.305841326713562
  (1, 32388)	0.25018757581710815
  (1, 36953)	0.2792053520679474
  (1, 45857)	0.19332700967788696
  (1, 51121)	0.5983180999755859
  (1, 59187)	0.3065558969974518
  (1, 67601)	0.3480142652988434
  (2, 4410)	0.259391188621521
  (2, 10960)	0.17424312233924866
  (2, 20836)	0.24718225002288818
  (2, 23878)	0.18504458665847778
  (2, 24296)	0.07054036855697632
  (2, 25670)	0.20742352306842804
  :	:
  (69997, 50284)	0.5978063344955444
  (69997, 58994)	0.7091848850250244
  (69997, 65076)	0.19208122789859772
  (69997, 67391)	0.16117824614048004
  (69997, 67764)	0.16469553112983704
  (69998, 1311)	1.0
  (69998, 6011)	0.2876572906970978
  (69998, 6471)	0.26401200890541077
  (69998, 9951)	0.2597067654132843
  (69998, 17217)	0.2532571256160736
  (69998, 17247)	0.34396809339523315
  (69998, 29157)	0.3623484671115875
  (69998, 36407)	0.5519750118255615
  (69998, 36987)	0.2627430558204651
  (69998, 66136)	1.0
  (69999, 2523)	0.2765010595321655
  (69999, 5179)	0.4270060360431671
  (69999, 5329)	0.31506219506263733
  (69999, 7641)	1.0
  (69999, 12959)	1.0
  (69999, 22424)	1.0
  (69999, 24453)	0.25487110018730164
  (69999, 52441)	0.2372990995645523
  (69999, 56015)	0.4357520639896393
  (69999, 67172)	0.3076483905315399"
